timestamp [s],position_lat [degrees],position_long [degrees],distance [m],enhanced_speed [m/s],enhanced_altitude [m],heart_rate [bpm],cadence [rpm],temperature [C],fractional_cadence [rpm]
0,55.74739946052432,12.55748150870204,0.0,1.596,13.6,88,60,27,0.0
1,55.74740331619978,12.557498775422573,1.13,1.596,13.6,88,60,27,0.0
2,55.747411865741014,12.557509420439601,2.28,1.614,13.6,88,60,27,0.0
5,55.74747271835804,12.557492488995194,9.01,1.698,13.6,88,85,27,0.5
12,55.747640021145344,12.557495925575495,27.71,2.631,13.4,92,80,27,0.5
13,55.7476697769016,12.557490393519402,31.02,2.641,13.4,91,79,27,0.5
15,55.74770716018975,12.557477317750454,35.26,2.781,13.4,96,79,27,0.5
17,55.74775694869459,12.557455943897367,40.94,2.837,13.6,100,78,27,0.0
19,55.74780221097171,12.55745368078351,45.98,2.781,13.8,104,80,27,0.5
20,55.74782500974834,12.557456949725747,48.52,2.781,13.8,105,80,27,0.5
23,55.74790623039007,12.557458207011223,57.55,2.79,13.8,112,80,27,0.5
24,55.747932465747,12.557460218667984,60.46,2.781,13.8,109,80,27,0.5
29,55.74803028255701,12.557459296658635,71.43,2.734,13.4,112,80,27,0.0
37,55.74821351096034,12.557415626943111,91.62,2.687,14.2,115,80,27,0.0
38,55.748239662498236,12.557414704933763,94.53,2.687,14.2,116,80,27,0.0
45,55.74842205271125,12.557467678561807,115.13,2.706,13.8,117,81,26,0.5
46,55.748444348573685,12.557470109313726,117.61,2.715,13.8,117,81,26,0.0
51,55.748573429882526,12.557502295821905,132.08,2.715,14.0,117,81,26,0.5
55,55.74867216870189,12.5575284473598,143.13,2.715,13.8,120,81,26,0.5
57,55.748730171471834,12.557548228651285,149.64,2.715,13.8,117,81,26,0.5
58,55.748750204220414,12.557556023821235,151.91,2.715,13.8,118,81,26,0.5
66,55.74895363301039,12.557586533948779,174.65,2.743,13.6,119,81,26,0.5
71,55.749072236940265,12.557617295533419,187.96,2.753,13.4,121,81,26,0.0
75,55.74916938319802,12.557617463171482,198.77,2.753,13.2,123,81,26,0.0
80,55.74929611757398,12.557643363252282,212.96,2.753,12.6,126,81,26,0.0
82,55.74934213422239,12.557631377130747,218.34,2.753,12.6,126,80,26,0.5
83,55.74936074204743,12.55763347260654,220.38,2.753,12.4,127,80,26,0.0
90,55.749541791155934,12.557664318010211,240.64,2.753,12.8,126,80,26,0.0
91,55.74956509284675,12.557667754590511,243.24,2.753,12.8,126,81,26,0.0
98,55.74974538758397,12.557684518396854,263.36,2.762,12.6,128,81,25,0.5
101,55.749829206615686,12.557696588337421,272.72,2.762,12.4,127,82,25,0.5
106,55.749939596280456,12.557709161192179,288.11,2.762,12.2,128,81,25,0.5
139,55.75002090074122,12.557784095406532,288.11,0.0,11.6,113,0,25,0.0
140,55.75002098456025,12.557784346863627,288.13,0.0,11.6,112,0,25,0.0
144,55.75007404200733,12.557797925546765,294.08,1.008,11.8,109,82,25,0.0
150,55.75023430399597,12.55778443068266,315.18,2.715,12.0,110,80,25,0.5
151,55.75026322156191,12.557780826464295,315.18,2.762,12.2,111,80,25,0.5
159,55.75044695287943,12.557768672704697,335.65,2.762,12.0,111,80,25,0.0
160,55.750471260398626,12.557768588885665,338.35,2.753,12.0,111,81,25,0.0
168,55.75065365061164,12.557806810364127,358.79,2.687,11.8,114,80,25,0.0
170,55.750705786049366,12.557817455381155,364.62,2.678,11.6,114,80,25,0.0
172,55.750753143802285,12.557822903618217,372.43,2.678,11.6,115,80,25,0.0
180,55.75093016959727,12.557859951630235,389.73,2.687,11.8,118,80,25,0.5
181,55.75097509659827,12.557871602475643,394.77,2.687,11.8,117,79,25,0.5
189,55.751163521781564,12.55789632909,415.81,2.659,12.0,118,80,25,0.0
190,55.75118883512914,12.557900017127395,418.64,2.659,12.0,118,80,25,0.0
198,55.751380026340485,12.55793304182589,440.04,2.659,11.8,115,80,25,0.0
200,55.751425456255674,12.557944189757109,445.15,2.659,11.8,117,80,25,0.0
202,55.75147205963731,12.557949302718043,450.34,2.65,11.8,120,80,25,0.0
205,55.751537941396236,12.557946033775806,457.63,2.641,11.8,123,80,25,0.0
207,55.751583371311426,12.55794184282422,462.67,2.641,12.0,126,81,25,0.0
209,55.751635590568185,12.55795307457447,468.53,2.641,12.0,125,81,25,0.0
214,55.75175469741225,12.55796816200018,481.86,2.631,12.0,128,81,25,0.0
220,55.75188587419689,12.557972269132733,496.65,2.613,12.0,130,81,25,0.0
224,55.751988887786865,12.558003282174468,508.22,2.613,12.2,134,81,24,0.5
231,55.7521578669548,12.55802532657981,527.09,2.613,12.2,132,81,25,0.0
239,55.752358278259635,12.558020548895001,549.49,2.631,12.0,134,81,24,0.0
241,55.75238375924528,12.558015519753098,552.34,2.641,12.0,136,81,24,0.0
244,55.75245902873576,12.558020632714033,560.74,2.65,12.0,139,81,24,0.5
249,55.752611830830574,12.55805960856378,577.95,2.659,12.0,143,81,24,0.0
254,55.752734960988164,12.558077545836568,591.7,2.678,12.2,146,81,24,0.0
259,55.75286965817213,12.558090621605515,606.72,2.678,12.2,147,80,24,0.0
265,55.75300544500351,12.558111157268286,624.45,2.687,12.6,145,81,24,0.0
268,55.7531042676419,12.55811425857246,632.89,2.697,12.6,144,81,24,0.0
276,55.75330886989832,12.55814460106194,655.75,2.706,12.6,140,81,24,0.0
279,55.75337793678045,12.55815683864057,663.48,2.715,12.6,142,82,24,0.0
286,55.75353669002652,12.55818223580718,681.21,2.706,13.0,141,81,24,0.5
289,55.753596033900976,12.558191204443574,687.84,2.706,13.0,140,81,24,0.5
294,55.753717655315995,12.558203861117363,701.4,2.687,13.4,137,79,24,0.5
296,55.75375948101282,12.558219535276294,706.16,2.687,13.6,140,79,24,0.0
298,55.75381119735539,12.558239484205842,712.06,2.678,13.8,140,80,24,0.0
305,55.75398629531264,12.558249877765775,731.56,2.687,14.2,143,81,24,0.0
308,55.754043543711305,12.558248871937394,737.88,2.687,14.4,142,82,24,0.0
310,55.75408285483718,12.558226911351085,742.34,2.678,14.6,142,81,24,0.0
314,55.75416734442115,12.558158598840237,751.96,2.659,15.0,145,81,24,0.5
316,55.75421537272632,12.558179134503007,757.38,2.65,15.2,145,81,24,0.5
324,55.75440161861479,12.558214589953423,778.21,2.631,15.8,147,81,24,0.5
325,55.75442508794367,12.55822422914207,780.88,2.631,15.8,147,82,24,0.5
332,55.754588870331645,12.558276867493987,799.42,2.622,16.2,149,83,24,0.5
340,55.75478265993297,12.558273011818528,821.0,2.622,16.8,151,81,24,0.0
341,55.75480738654733,12.558276699855924,823.76,2.622,16.8,151,81,24,0.5
347,55.75496178120375,12.55831852555275,841.16,2.631,17.0,153,81,24,0.5
351,55.755063369870186,12.558347107842565,852.64,2.631,17.4,150,81,24,0.5
357,55.755206448957324,12.558369236066937,868.68,2.631,17.4,151,81,24,0.5
361,55.75531189329922,12.55836638621986,880.39,2.631,17.6,150,80,23,0.0
363,55.75535732321441,12.55835372954607,885.49,2.641,17.8,149,80,23,0.0
366,55.75542815029621,12.558303270488977,893.2,2.641,17.8,148,81,24,0.0
373,55.7556136418134,12.558302264660597,913.83,2.659,18.0,147,82,23,0.0
377,55.75570969842374,12.558341072872281,924.59,2.678,18.0,147,82,24,0.0
383,55.75586400926113,12.55837275646627,941.87,2.697,17.6,144,82,23,0.0
386,55.755937434732914,12.558372840285301,949.99,2.706,17.8,146,81,23,0.5
392,55.75609208084643,12.558382228016853,967.12,2.725,17.8,149,81,23,0.5
395,55.756170535460114,12.558429837226868,976.25,2.734,17.8,147,81,23,0.5
398,55.756244799122214,12.558445679023862,984.63,2.743,18.0,144,81,23,0.0
401,55.75632090680301,12.558447774499655,993.1,2.753,18.0,145,81,23,0.0
404,55.756387542933226,12.558446433395147,1000.52,2.753,18.0,147,82,23,0.5
410,55.756528694182634,12.558470405638218,1016.37,2.753,17.6,146,82,23,0.5
417,55.756690967828035,12.558514326810837,1034.55,2.743,17.8,146,81,23,0.0
424,55.75687017291784,12.558547519147396,1054.64,2.743,18.0,145,80,23,0.0
428,55.756960613653064,12.558550955727696,1064.7,2.753,18.0,146,81,23,0.0
432,55.757053066045046,12.558539723977447,1074.94,2.753,17.8,146,81,23,0.0
439,55.75722916983068,12.55859311670065,1094.75,2.743,18.0,145,81,23,0.0
447,55.757425306364894,12.558597810566425,1116.66,2.753,17.8,146,81,23,0.0
449,55.75747551396489,12.55860828794539,1122.29,2.753,17.8,146,81,23,0.0
457,55.75766989029944,12.558664698153734,1144.39,2.771,18.0,147,82,23,0.0
462,55.75774851255119,12.558849435299635,1159.01,2.781,18.0,145,81,23,0.0
468,55.75786435045302,12.55902604199946,1176.07,2.79,18.4,142,81,23,0.0
470,55.75790701434016,12.559069627895951,1181.55,2.79,18.4,141,82,23,0.0
473,55.75798496603966,12.559115728363395,1190.77,2.79,18.4,138,80,23,0.0
476,55.75806392356753,12.559108436107635,1199.58,2.799,18.4,137,81,23,0.0
483,55.758246313780546,12.55896158516407,1222.05,2.837,18.4,138,82,23,0.5
489,55.75834706425667,12.558723036199808,1240.82,2.865,18.2,141,82,23,0.0
494,55.75842920690775,12.558540478348732,1255.91,2.893,17.8,141,82,23,0.0
495,55.7584557775408,12.5585300847888,1258.93,2.893,17.6,141,81,23,0.5
502,55.75864470563829,12.558526312932372,1279.97,2.921,17.0,142,81,23,0.0
503,55.758673371747136,12.558512315154076,1283.25,2.921,16.8,143,81,23,0.0
505,55.75872726738453,12.558494713157415,1289.31,2.93,16.8,142,81,23,0.0
508,55.75880060903728,12.558497479185462,1297.47,2.948,16.6,145,82,23,0.0
512,55.75890965759754,12.558524301275611,1309.65,2.967,16.4,146,82,23,0.5
514,55.75895600952208,12.558524468913674,1314.82,2.967,16.0,143,82,23,0.0
517,55.759038822725415,12.558528492227197,1324.04,2.976,15.8,145,81,23,0.5
522,55.75916069559753,12.558526312932372,1337.62,2.986,15.6,148,82,23,0.0
523,55.7591933850199,12.558529330417514,1341.27,2.986,15.6,148,82,23,0.0
530,55.75936839915812,12.558536371216178,1360.75,2.986,15.4,145,81,23,0.5
533,55.759456157684326,12.558539807796478,1370.52,2.986,15.4,145,82,23,0.0
541,55.7596405595541,12.558530420064926,1391.05,2.976,15.6,143,81,23,0.0
544,55.75971809215844,12.558529917150736,1399.7,2.958,15.4,146,81,23,0.5
545,55.75974466279149,12.558537377044559,1402.68,2.958,15.4,146,80,22,0.0
547,55.75980115681887,12.558547519147396,1409.0,2.948,15.6,150,80,23,0.0
548,55.75981825590134,12.558554643765092,1410.94,2.948,15.6,147,81,23,0.0
555,55.75999670661986,12.558560343459249,1430.82,2.921,15.6,149,80,22,0.0
562,55.76016836799681,12.558556403964758,1449.86,2.902,15.8,152,82,22,0.0
567,55.76028261333704,12.558564199134707,1462.58,2.893,16.0,151,82,22,0.0
575,55.76047170907259,12.558594541624188,1483.72,2.874,16.0,151,82,22,0.0
577,55.76052401214838,12.558595463633537,1489.53,2.874,16.0,150,82,22,0.0
585,55.760725010186434,12.558581633493304,1511.94,2.855,16.2,151,81,22,0.0
592,55.760905891656876,12.558626141399145,1532.24,2.846,16.4,149,81,22,0.0
595,55.76097881421447,12.558618430048227,1540.35,2.846,16.4,148,81,22,0.0
603,55.761160952970386,12.558632511645555,1560.72,2.827,16.6,149,81,22,0.5
609,55.76130545698106,12.558627901598811,1576.85,2.799,16.6,152,80,22,0.0
611,55.761348037049174,12.558622704818845,1581.6,2.799,16.6,153,81,22,0.5
615,55.76144618913531,12.558615412563086,1592.55,2.79,16.8,154,79,22,0.0
619,55.7615502923727,12.55863611586392,1604.19,2.781,17.0,158,80,22,0.0
620,55.76157342642546,12.55863955244422,1606.78,2.771,17.2,166,80,22,0.5
621,55.76159647665918,12.558647515252233,1609.38,2.771,17.2,170,79,22,0.0
624,55.76167015358806,12.558668721467257,1617.66,2.771,17.2,173,79,22,0.0
630,55.76180820353329,12.558646760880947,1633.13,2.762,17.2,173,81,22,0.0
636,55.761940302327275,12.558670733124018,1647.98,2.734,17.2,174,81,22,0.0
643,55.76212001033127,12.558698393404484,1668.08,2.715,17.6,176,81,22,0.0
644,55.76214758679271,12.558700237423182,1671.14,2.715,17.4,177,81,22,0.0
652,55.76234900392592,12.558743990957737,1693.78,2.734,17.2,175,81,22,0.0
660,55.762533489614725,12.558778775855899,1714.44,2.734,17.8,174,81,22,0.0
665,55.76264941133559,12.558804508298635,1727.47,2.715,17.8,173,81,22,0.0
667,55.7626972720027,12.558814063668251,1732.83,2.706,17.8,173,81,22,0.0
675,55.76289592310786,12.558834096416831,1755.01,2.687,18.2,174,80,22,0.0
678,55.762970773503184,12.558836443349719,1763.34,2.687,18.0,173,80,22,0.0
686,55.7631669100374,12.558847758919,1785.19,2.687,18.4,173,79,22,0.5
688,55.76321829110384,12.558852536603808,1790.92,2.687,18.2,172,79,22,0.0
696,55.7634034473449,12.558882040902972,1811.61,2.678,18.0,171,79,22,0.0
699,55.763471592217684,12.558889836072922,1819.22,2.669,17.8,171,80,22,0.5
707,55.763653479516506,12.55888539366424,1839.41,2.641,17.4,169,80,22,0.0
713,55.76381038874388,12.558911377564073,1857.08,2.622,17.6,172,81,22,0.0
715,55.763857662677765,12.558915317058563,1862.34,2.622,17.6,175,82,22,0.0
716,55.7638818025589,12.558917831629515,1865.03,2.622,17.6,175,82,22,0.5
724,55.764067713171244,12.558940127491951,1885.79,2.631,18.0,177,82,22,0.0
725,55.7640871591866,12.558942893519998,1887.96,2.631,18.0,178,82,22,0.0
733,55.764267621561885,12.558953119441867,1908.13,2.613,18.2,175,82,21,0.0
737,55.76437147334218,12.558955634012818,1919.69,2.603,18.6,176,82,22,0.5
743,55.76452922075987,12.559004249051213,1937.53,2.613,19.0,175,83,22,0.0
745,55.76458361931145,12.558998465538025,1943.63,2.622,19.2,176,83,21,0.5
746,55.764606669545174,12.559003997594118,1946.21,2.622,19.2,176,83,22,0.5
753,55.76477606780827,12.55901724100113,1965.08,2.641,20.0,175,81,21,0.0
755,55.764823677018285,12.55902118049562,1970.39,2.65,20.4,175,81,21,0.0
757,55.764874974265695,12.559025874361396,1976.11,2.65,20.4,175,81,21,0.0
765,55.7650628965348,12.559053115546703,1997.11,2.659,20.4,174,81,21,0.0
766,55.76509156264365,12.559053115546703,2000.3,2.659,20.4,174,81,21,0.0
768,55.76514302752912,12.559054289013147,2006.03,2.659,20.6,175,82,21,0.0
775,55.765324076637626,12.559064012020826,2026.22,2.678,20.8,176,82,21,0.0
779,55.76542289927602,12.559076249599457,2037.26,2.687,21.0,177,82,21,0.0
784,55.76555357314646,12.559095192700624,2051.86,2.706,21.2,174,81,21,0.0
789,55.76567871496081,12.55910525098443,2065.83,2.725,21.4,175,82,21,0.0
795,55.76582036912441,12.559120757505298,2081.64,2.734,21.2,176,81,21,0.0
796,55.76584467664361,12.559127463027835,2084.37,2.734,21.2,177,81,21,0.0
799,55.765916761010885,12.55913844332099,2092.45,2.734,21.4,180,80,21,0.0
805,55.766056990250945,12.559146489948034,2108.13,2.725,21.8,180,80,21,0.0
806,55.766082387417555,12.559154788032174,2111.0,2.725,21.8,180,80,21,0.0
814,55.76628137379885,12.55916928872466,2133.18,2.715,21.8,179,81,21,0.0
815,55.76630333438516,12.559168618172407,2135.63,2.715,21.8,179,81,21,0.0
819,55.766393188387156,12.559176329523325,2145.64,2.715,22.0,181,81,21,0.0
823,55.7664929330349,12.559182113036513,2156.74,2.715,22.4,182,81,21,0.0
830,55.766646238043904,12.559228967875242,2173.99,2.706,23.2,181,82,21,0.0
833,55.766715221107006,12.55927531979978,2182.21,2.697,23.4,181,82,21,0.0
840,55.76686089858413,12.559410519897938,2200.38,2.687,24.2,179,82,21,0.5
843,55.76692543923855,12.559462655335665,2208.27,2.678,24.4,179,82,21,0.0
851,55.76711168512702,12.559586456045508,2230.36,2.678,25.2,178,82,21,0.0
852,55.76713657937944,12.559600621461868,2233.27,2.678,25.2,178,82,21,0.0
860,55.76732240617275,12.559699611738324,2254.9,2.706,25.6,178,80,21,0.5
862,55.76736909337342,12.559727607294917,2260.39,2.706,25.6,177,79,21,0.5
870,55.767551735043526,12.55984889343381,2282.12,2.687,25.8,177,81,21,0.0
872,55.767601523548365,12.559867333620787,2287.75,2.697,25.4,177,81,21,0.0
879,55.76777167618275,12.559986440464854,2308.16,2.725,25.0,176,82,21,0.0
881,55.767818531021476,12.560025751590729,2313.94,2.734,25.0,176,81,21,0.0
888,55.76796010136604,12.560217529535294,2333.88,2.762,24.2,175,82,21,0.0
890,55.767999831587076,12.56026765331626,2339.29,2.762,24.2,175,82,21,0.0
896,55.76812497340143,12.560385586693883,2355.11,2.771,24.0,174,82,21,0.5
903,55.768282720819116,12.560536796227098,2375.18,2.771,24.0,174,83,21,0.0
905,55.76834172941744,12.560551967471838,2381.8,2.771,24.0,173,82,21,0.0
912,55.768506936728954,12.560619693249464,2400.73,2.781,24.0,174,82,21,0.0
918,55.76866149902344,12.560662105679512,2418.17,2.79,24.0,177,84,21,0.0
921,55.76875302940607,12.560661938041449,2428.39,2.79,24.2,178,84,21,0.0
927,55.76891086064279,12.56077484227717,2447.48,2.799,24.0,174,84,21,0.0
928,55.76892971992493,12.560810213908553,2450.52,2.809,24.0,174,84,21,0.0
931,55.76896416954696,12.560822702944279,2455.4,2.818,24.0,172,83,21,0.0
932,55.76896165497601,12.560807783156633,2456.33,2.818,24.0,172,82,21,0.0
936,55.76885470189154,12.560762939974666,2468.4,2.361,23.6,172,80,21,0.0
945,55.76865630224347,12.560695381835103,2490.86,2.594,23.8,172,83,21,0.0
946,55.768631994724274,12.5606937892735,2493.58,2.594,24.0,172,83,21,0.0
953,55.768445413559675,12.560665206983685,2514.3,2.613,23.8,173,85,21,0.0
955,55.76837718486786,12.560648443177342,2521.91,2.622,23.8,173,84,21,0.0
961,55.768232848495245,12.560543166473508,2539.46,2.65,24.0,175,85,21,0.0
968,55.7680606842041,12.560421377420425,2560.18,2.706,24.0,175,81,21,0.0
969,55.768038807436824,12.560404697433114,2562.84,2.715,24.0,175,81,21,0.0
976,55.76791048049927,12.560188611969352,2582.85,2.734,24.0,174,82,21,0.0
977,55.767902014777064,12.560152988880873,2585.01,2.734,24.2,174,82,21,0.0
984,55.76774409972131,12.560001276433468,2605.01,2.734,24.4,176,82,21,0.0
985,55.76772775501013,12.559975292533636,2607.33,2.734,24.6,177,82,21,0.0
989,55.76765256933868,12.55988803692162,2617.2,2.706,25.4,176,81,21,0.0
995,55.76750320382416,12.559829615056515,2634.13,2.715,25.8,176,83,21,0.0
1000,55.7673788163811,12.559751328080893,2648.81,2.781,26.4,176,84,21,0.0
1007,55.76721344143152,12.559646302834153,2668.37,2.827,26.2,176,82,21,0.0
1014,55.76703557744622,12.5595523416996,2689.06,2.874,26.4,175,82,21,0.0
1015,55.767010850831866,12.55953767336905,2691.97,2.883,26.2,175,82,21,0.0
1018,55.766938934102654,12.559491405263543,2700.48,2.902,25.8,173,81,21,0.0
1022,55.766847152262926,12.559431809931993,2711.35,2.911,25.4,172,81,21,0.0
1029,55.76666995882988,12.559326868504286,2732.16,2.921,24.6,174,81,21,0.5
1033,55.76657775789499,12.559267859905958,2743.04,2.93,24.2,174,80,21,0.0
1038,55.7664477545768,12.559225028380752,2757.77,2.93,23.6,174,81,21,0.0
1042,55.76634742319584,12.559213042259216,2768.96,2.93,23.2,173,80,21,0.0
1045,55.76626980677247,12.559195859357715,2777.67,2.93,22.8,174,82,21,0.0
1048,55.76619151979685,12.55918093957007,2786.44,2.93,22.6,174,82,21,0.0
1051,55.76613829471171,12.559176245704293,2795.47,2.939,22.0,174,81,21,0.0
1057,55.765966633334756,12.559157134965062,2811.52,2.939,22.2,173,82,21,0.0
1065,55.76578667387366,12.559131737798452,2831.67,2.921,22.4,174,82,21,0.0
1068,55.765717355534434,12.559126876294613,2839.4,2.902,22.4,174,81,21,0.0
1076,55.76553102582693,12.559107095003128,2860.28,2.874,22.0,173,81,22,0.0
1078,55.76548995450139,12.559098126366735,2864.89,2.865,22.0,173,80,21,0.0
1086,55.76529365032911,12.559073902666569,2886.82,2.837,20.8,174,81,22,0.0
1090,55.76519960537553,12.55906761623919,2897.3,2.827,20.8,173,80,22,0.0
1098,55.76499986462295,12.559047918766737,2919.6,2.809,20.6,172,81,22,0.0
1100,55.764952171593904,12.55904314108193,2924.91,2.799,20.4,172,81,22,0.0
1108,55.7647520955652,12.55901975557208,2947.24,2.781,19.8,173,81,22,0.0
1110,55.764700546860695,12.55901045165956,2953.02,2.781,19.8,173,81,22,0.0
1117,55.7645174022764,12.558975080028176,2973.54,2.781,19.2,172,81,22,0.0
1120,55.76443701982498,12.558960998430848,2982.52,2.79,18.8,171,81,22,0.0
1126,55.76427910476923,12.558945827186108,3000.12,2.799,18.2,169,82,22,0.0
1128,55.7642219401896,12.558946665376425,3006.47,2.799,18.2,169,82,22,0.0
1134,55.76408179476857,12.558938954025507,3022.07,2.799,17.6,169,82,22,0.0
1139,55.763949025422335,12.558928979560733,3036.87,2.79,17.4,168,82,22,0.0
1146,55.76377191580832,12.558913892135024,3056.6,2.799,17.6,170,82,22,0.0
1149,55.76371567323804,12.558909198269248,3062.86,2.799,17.6,171,82,22,0.0
1156,55.76351492665708,12.558875335380435,3085.32,2.799,17.4,172,82,22,0.0
1161,55.76338634826243,12.558855805546045,3099.67,2.809,17.0,172,81,22,0.0
1169,55.763188786804676,12.558840215206146,3121.71,2.809,16.8,173,81,22,0.0
1171,55.76313723810017,12.558833342045546,3127.45,2.809,16.8,174,81,22,0.0
1179,55.76293590478599,12.558801406994462,3149.96,2.809,17.0,172,81,22,0.0
1181,55.762884858995676,12.55879352800548,3155.68,2.809,17.0,171,81,22,0.0
1189,55.76268729753792,12.55876561626792,3177.75,2.827,17.0,172,80,22,0.5
1190,55.76266760006547,12.55876955576241,3179.95,2.827,16.8,172,79,22,0.5
1198,55.76247917488217,12.558748265728354,3201.0,2.809,16.8,173,81,22,0.0
1199,55.76245495118201,12.558747511357069,3203.68,2.799,16.6,173,81,22,0.0
1200,55.76242963783443,12.558744493871927,3206.49,2.799,16.6,173,81,22,0.0
1207,55.7622445654124,12.558725383132696,3227.16,2.771,16.4,173,81,22,0.0
1210,55.76216141693294,12.558709038421512,3236.48,2.771,16.2,174,81,22,0.0
1218,55.761960837990046,12.558695040643215,3258.82,2.781,17.6,177,82,22,0.0
1220,55.76191113330424,12.55868841893971,3264.36,2.771,17.6,177,82,22,0.0
1222,55.7618579082191,12.558678528293967,3270.41,2.771,17.4,177,80,23,0.5
1226,55.7617561519146,12.558641312643886,3282.0,2.762,17.6,174,80,22,0.0
1233,55.76156705617905,12.558635026216507,3303.0,2.771,17.6,174,82,23,0.0
1237,55.76143437065184,12.558603174984455,3317.93,2.799,17.6,174,80,23,0.0
1245,55.761239575222135,12.558597475290298,3339.58,2.837,17.2,174,82,23,0.0
1250,55.76112206093967,12.558621866628528,3352.79,2.837,17.2,173,82,23,0.5
1258,55.76093698851764,12.558612478896976,3373.37,2.818,16.8,173,82,23,0.0
1259,55.760912680998445,12.558609964326024,3376.06,2.818,16.8,173,81,23,0.0
1266,55.76071352697909,12.558605773374438,3398.17,2.818,16.6,173,82,23,0.5
1267,55.76069307513535,12.55860828794539,3400.45,2.818,16.4,173,82,23,0.5
1274,55.76050045900047,12.558610299602151,3421.89,2.837,16.4,172,81,23,0.0
1279,55.76037540100515,12.558607030659914,3435.81,2.837,16.4,172,81,23,0.0
1287,55.760175324976444,12.558608958497643,3458.19,2.837,16.0,172,82,23,0.0
1290,55.76009251177311,12.558613484725356,3467.4,2.837,16.2,172,82,23,0.5
1294,55.75999486260116,12.558596469461918,3478.31,2.837,16.0,171,83,23,0.5
1301,55.75980383902788,12.55856478586793,3499.65,2.846,16.0,170,82,23,0.0
1302,55.759775675833225,12.558554727584124,3502.8,2.846,16.2,170,82,23,0.5
1306,55.75968515127897,12.558536790311337,3512.95,2.846,16.2,173,82,23,0.5
1309,55.75961851514876,12.558522541075945,3520.42,2.846,16.0,176,82,23,0.5
1310,55.75959504581988,12.558521032333374,3523.02,2.846,16.0,174,82,23,0.5
1318,55.75939295813441,12.558494629338384,3545.6,2.818,15.8,174,82,23,0.5
1325,55.7592124119401,12.55851055495441,3565.65,2.809,16.0,175,82,23,0.0
1330,55.75906556099653,12.558504184708,3582.01,2.818,16.0,174,82,23,0.5
1337,55.75888870283961,12.558520026504993,3601.66,2.818,16.4,173,82,24,0.0
1339,55.758838914334774,12.558514326810837,3607.2,2.818,16.4,173,81,24,0.0
1346,55.75868477113545,12.55851399153471,3624.4,2.818,16.6,171,82,23,0.0
1353,55.758495507761836,12.558532347902656,3645.59,2.799,17.0,174,82,24,0.0
1354,55.75847111642361,12.558540478348732,3648.35,2.799,17.0,174,82,24,0.0
1357,55.75842275284231,12.558604683727026,3655.28,2.799,17.4,174,82,24,0.0
1359,55.75840540230274,12.558689005672932,3660.85,2.79,17.8,174,81,24,0.0
1366,55.75830792076886,12.5589600764215,3681.08,2.771,18.2,175,82,24,0.0
1369,55.7582538574934,12.559051355347037,3689.47,2.771,18.4,175,81,24,0.0
1372,55.758168110623956,12.559089828282595,3699.32,2.781,18.2,175,82,24,0.0
1379,55.757967783138156,12.559093935415149,3721.67,2.809,18.8,177,81,24,0.0
1380,55.75793559662998,12.55908027291298,3725.35,2.818,18.8,177,82,24,0.0
1386,55.757805006578565,12.558884639292955,3744.57,2.846,18.4,178,82,24,0.5
1393,55.757678523659706,12.55863519385457,3766.2,3.023,18.0,177,80,24,0.0
1398,55.75755329802632,12.558598397299647,3780.34,3.051,18.0,178,81,24,0.0
1406,55.75736009515822,12.558583728969097,3801.88,2.958,17.8,178,81,24,0.0
1408,55.75730888172984,12.558573335409164,3807.63,2.921,17.8,178,81,24,0.0
1409,55.757288094609976,12.558560259640217,3810.06,2.911,17.8,178,82,24,0.0
1414,55.75716110877693,12.558532515540719,3824.31,2.911,17.8,178,81,24,0.0
1419,55.75704552233219,12.558518098667264,3837.21,2.921,18.0,178,81,24,0.0
1427,55.75684016570449,12.558506112545729,3860.03,2.921,17.8,176,82,24,0.5
1429,55.756786772981286,12.558504436165094,3865.96,2.921,17.6,177,82,24,0.5
1436,55.75660681352019,12.558488342911005,3886.01,2.939,17.6,176,82,24,0.0
1439,55.75653196312487,12.558469818904996,3894.43,2.939,17.6,176,82,24,0.0
1445,55.75638620182872,12.558454480022192,3910.67,2.911,17.4,176,81,24,0.0
1447,55.75633398257196,12.5584367942065,3916.59,2.902,17.6,177,81,24,0.0
1453,55.75617916882038,12.558418354019523,3933.86,2.883,17.6,174,81,24,0.0
1457,55.756067521870136,12.55841625854373,3946.28,2.893,17.4,173,81,24,0.0
1464,55.755871469154954,12.558385580778122,3968.15,2.893,17.4,174,81,24,0.0
1466,55.75582000426948,12.558390777558088,3973.84,2.893,17.4,173,82,25,0.0
1472,55.7556620053947,12.558383652940392,3991.42,2.893,17.6,176,81,24,0.0
1474,55.75562244281173,12.55838356912136,3995.81,2.883,17.6,176,81,24,0.0
1476,55.75557810254395,12.558374516665936,4000.74,2.883,17.4,176,81,24,0.0
1481,55.75545405037701,12.558384826406837,4014.59,2.865,17.2,175,82,25,0.0
1482,55.75543284416199,12.55838599987328,4016.94,2.855,17.2,175,82,25,0.0
1490,55.7552351988852,12.55835808813572,4038.98,2.846,17.2,175,80,25,0.5
1492,55.755180129781365,12.558345263823867,4045.17,2.846,17.0,175,80,25,0.5
1495,55.755103351548314,12.558320118114352,4053.86,2.837,16.6,175,79,25,0.0
1499,55.7550314348191,12.55832296796143,4061.82,2.809,16.6,174,80,25,0.5
1507,55.754848290234804,12.558307712897658,4082.28,2.613,15.8,173,81,25,0.0
1508,55.75481836684048,12.55829757079482,4085.67,2.613,15.8,174,82,25,0.0
1515,55.7546275947243,12.558256080374122,4107.13,2.687,15.8,175,81,25,0.0
1516,55.75460052117705,12.55825306288898,4110.14,2.687,15.8,175,83,24,0.5
1520,55.75450739823282,12.55823789164424,4120.57,2.715,15.6,173,81,25,0.0
